{
  "predicted_label": 1,
  "confidence": 0.9801596942659225,
  "group_order": [
    0,
    1,
    2,
    3,
    4
  ],
  "flip_budget": 4,
  "rcma": 0.753846151913215,
  "degradation_thresholds": {
    "top_group_attenuation": null
  },
  "fds": 0.284386730236743,
  "margins": [
    3.900000000000002,
    1.56,
    0.26000000000000023,
    0.04000000000000026,
    0.0,
    0.0
  ]
}